Name,ID
clg red,6242
cats,9613
grayhound,8008
red instinct,6368
boot,6898
hz,10569
goodfellas,8618
aequus,8909
order,8668
bren,10206
csgo-mdl,10540
tyloo,4863
boom,7733
vici,7606
complexity,5005
orgless,10618
astralis,6665
renegades,6211
avant,5293
5orgless,10227
liquid,5973
j money crew,10361
swole patrol,7726
intz,6619
funplus phoenix,10671
bad news bears,9799
forze,8135
lazarus,9945
ignis,9105
eunited,7106
valiance,8481
gambit youngsters,9976
absolute,7581
riot squad,10164
asterion,7299
catman,10220
besiktas,9263
big,7532
entity,7348
madlikewizards,9275
sinners,10577
esportsadviser,9900
heroic,7175
cr4zy,10150
zigma,10675
wolsung,7340
inflames,10018
saw,10567
luminosity,6290
lucid dream,8680
ze pug godz,6238
g2,5995
new identity,10080
the quest,9785
rooster,9881
natus vincere,4608
atk,9943
universe,7442
pain,4773
big academy,10254
spirit,7020
goliath,8193
just for fun,10531
shift,10115
1337huania,7552
teamone,6947
impunity,10313
finest,10276
mibr,9215
tiger,10661
chiefs,6010
alpha red,8848
malvinas,8121
envy,5991
august,10328
beyond,8262
maple,8220
9z,9996
furia,8297
kingzzz,10344
8easy,9906
detona,8902
havu,7865
sprout,8637
gen.g,10514
windigo,8513
camel riders,6589
gorilla gang,10332
nemiga,7969
invictus,7966
mad lions,8362
extatus,6745
5power,7092
chaos,9085
ex-epsilon,10225
lynn vision,8840
jeste,10438
mith.maple,10419
bluejays,5347
tricked,4602
keyd,6033
singularity,6978
ex-genuine,10505
rufus,10267
endpoint,7234
intact,9176
frenchfrogs,10035
rugratz,10017
godsent,6902
under 21,10650
genuine,9747
faze,6667
jade,9870
sinister5,8730
ancient,6685
r-stars,10472
ben's anime team,7612
rap gang,10261
epsilon,4688
imperial,9455
aristocracy,10020
ex-bluejays,10453
variance,9917
offset,8515
red canids,7176
ence,4869
juggernauts,10509
cloud9,5752
darkhorse,10310
recon 5,10463
sinisters,9166
rysix,10632
phoenix,10420
mousesports,4494
avangar,8120
nexus,7187
alternate attax,4501
nrg,6673
ground zero,8536
nip,4411
agressive,10191
asuna's anime aimers,10538
gamerzone,10210
infinity,9963
triumph,10304
fate,9863
sharks,8113
navi junior,10371
optic,6615
cyber legacy,10677
party astronauts,8038
virtus.pro,5378
nordavind,8769
100 thieves,8474
warthox,10098
esuba,5412
arcy,10494
nasr,8211
lyngby vikings,8963
isurus,7653
gamerlegion,9928
bravos,10605
oceanus,10282
"blood, sweat, and tears",10692
c0ntact,10606
secret,10488
dogs of war,9716
maknitude,10076
vitality,9565
og,10503
demolition crew,10593
divisionx,10338
neverest,9941
eimi fukada fc,10660
truckers with attitude,10713
evil geniuses,10399
in the lab,10662
morning light,10722
onethree,10022
sbc,10373
up,10490
nochance,9722
mazaalai,10051
project x,10473
rebirth,10357
supremacy,10330
copenhagen flames,7461
ehome,7024
japaleno,7144
btrg,9107
swole identity,10625
latingamers,10132
yeah,8728
global,9921
fnatic,4991
syf,5607
defusekids,7666
bpro,6762
ago,8068
rewound,10041
buzzkill,10033
ex-windigo,10445
heretics,8346
rejected,6800
w7m,8574
hard legion,10421
movistar riders,7718
vexed,8020
thunder logic,9615
hellraisers,5310
sj,8504
dignitas fe,7640
adwokacik,8911
mc,8738
peeker's advantage,10092
big 5,8111
skade,10386
pro100,7898
game fist,10127
akatsuki,10467
serac,10682
m1x,7376
falkol,10028
ethereal,9277
apeks,9806
1win,10621
gaming hub,10288
melbet,10412
illuminar,8813
divine,10302
espada,8669
giants,4949
dignitas,5422
wisla krakow,10426
el'quvet,7427
sangal,10333
winstrike,9183
mvp pk,7354
swedish canadians,10700
good game pr,9974
yalla,8280
ascent,10059
x-kom,8846
energy,5153
smash,10315
rocketlauncher$,10556
just swing,10146
airborne,10425
syman,8772
newballs,10235
dreameaters,8305
the final tribe,10040
eclot,7441
fierce,9397
mythic,5479
pact,8248
ex-virtus.pro,10549
i sleep,10664
se7en,10097
salamander,9939
timbermen,10464
demise,8698
evidence,9803
laze,10300
eox,10119
kova,9648
budapest five,9802
jijiehao,10245
big frames,9229
infamous,10578
reapers,9910
hex,10185
mac-51,10392
paradox,7983
polar ace,9497
turkey5,10144
d13,8607
faint,10391
avez,9797
really weird,10326
one more time,10270
ratatatata,10487
fury,10299
trivium,10686
warriors international,10719
ambush,7674
warkidz,10177
new england whalers,9888
tenerife titans,10162
livid,9392
north,7533
ldlc,4674
step,9981
vega squadron,6094
mako,10507
santos,9213
prima,10614
alma,10078
sg.pro,10105
furia inagame,8885
unique,9287
dark tigers,7842
redemption poa,9902
ttc,5540
youngsters,10044
buffdaddy's paypal,10681
district 7,8049
skyfire,6161
big chillin,9875
justice,10019
incept,7135
brute,9139
trident,5290
aa,10676
cream,9636
monstars,7841
extremum,10096
front,10002
absolute mad lads,10111
gtv.revolution,10417
gtz bulls,9466
x6tence,4468
precision,6056
markandlarry,9942
frostfire,9032
bushido boyz,7885
5balls,8589
overt,10711
bulldozer,9013
station7,10584
agf,8704
maquinas,9728
exploit,10192
bizarre,10205
bl4ze,10226
2990,9100
vodkajuniors,10337
furious,6799
zorka,9887
unicorns of love,9812
dracarys,10094
keep the comms up,10691
aster,9868
izako boars,7681
soberano,10484
expert,9393
updraft,10053
astro,10047
majesty,9673
corvidae,6922
ad hoc,10128
hreds,10116
pompa,8209
moops,10188
prospects,6792
kpi,7339
ikarus,8203
oneway,10129
viboras,6643
formidable,9253
fallen5,10290
trz,10045
syntax,10394
buaksib,10104
ahq,10052
let's quit,10414
arkangel,8633
shidiots,10252
mustang crew,10693
skin ogres,10566
intz.academy,9684
very1z,10073
rbg,10258
pc419,9750
a point,10280
dippers,10325
buckets,10375
thedice,9949
d7g,10433
zooweemama,10339
esper,10572
baecon,9768
